run,experiment,condition,hidden_layers,neurons_per_hidden_layer,learning_rate,batch_size,train_size,epochs,seed,device_name,best_epoch,best_eval_rmse,training_time,diverged_epoch,test_mse,test_rmse
dropout_capacity_d0.1_h1_w128_lr0.001_bs10000_nall_e1000_seed0,dropout_capacity,dropout_capacity_d0.1_h1_w128_lr0.001_bs10000_nall_e1000,1,128,0.001,10000,,1000,0,NVIDIA GeForce RTX 5070 Ti,996,8.693061201286714,3.1693257596343756,,,
dropout_capacity_d0.1_h1_w128_lr0.001_bs10000_nall_e1000_seed1,dropout_capacity,dropout_capacity_d0.1_h1_w128_lr0.001_bs10000_nall_e1000,1,128,0.001,10000,,1000,1,NVIDIA GeForce RTX 5070 Ti,974,8.888651918855317,3.5056793701369315,,,
dropout_capacity_d0.1_h1_w128_lr0.001_bs10000_nall_e1000_seed2,dropout_capacity,dropout_capacity_d0.1_h1_w128_lr0.001_bs10000_nall_e1000,1,128,0.001,10000,,1000,2,NVIDIA GeForce RTX 5070 Ti,947,8.775674264765616,2.874276877148077,,,
dropout_capacity_d0.1_h1_w128_lr0.001_bs10000_nall_e1000_seed3,dropout_capacity,dropout_capacity_d0.1_h1_w128_lr0.001_bs10000_nall_e1000,1,128,0.001,10000,,1000,3,NVIDIA GeForce RTX 5070 Ti,1000,9.14131524503885,2.8235951715614647,,,
dropout_capacity_d0.1_h1_w128_lr0.001_bs10000_nall_e1000_seed4,dropout_capacity,dropout_capacity_d0.1_h1_w128_lr0.001_bs10000_nall_e1000,1,128,0.001,10000,,1000,4,NVIDIA GeForce RTX 5070 Ti,982,8.754602148404887,3.1542915252503008,,,
dropout_capacity_d0.1_h1_w256_lr0.001_bs10000_nall_e1000_seed0,dropout_capacity,dropout_capacity_d0.1_h1_w256_lr0.001_bs10000_nall_e1000,1,256,0.001,10000,,1000,0,NVIDIA GeForce RTX 5070 Ti,996,7.0107900020352,3.110683301463723,,,
dropout_capacity_d0.1_h1_w256_lr0.001_bs10000_nall_e1000_seed1,dropout_capacity,dropout_capacity_d0.1_h1_w256_lr0.001_bs10000_nall_e1000,1,256,0.001,10000,,1000,1,NVIDIA GeForce RTX 5070 Ti,961,7.126231304653384,3.044058465398848,,,
dropout_capacity_d0.1_h1_w256_lr0.001_bs10000_nall_e1000_seed2,dropout_capacity,dropout_capacity_d0.1_h1_w256_lr0.001_bs10000_nall_e1000,1,256,0.001,10000,,1000,2,NVIDIA GeForce RTX 5070 Ti,994,7.110317695913201,3.44984629470855,,,
dropout_capacity_d0.1_h1_w256_lr0.001_bs10000_nall_e1000_seed3,dropout_capacity,dropout_capacity_d0.1_h1_w256_lr0.001_bs10000_nall_e1000,1,256,0.001,10000,,1000,3,NVIDIA GeForce RTX 5070 Ti,992,7.115329001480986,2.859612493775785,,,
dropout_capacity_d0.1_h1_w256_lr0.001_bs10000_nall_e1000_seed4,dropout_capacity,dropout_capacity_d0.1_h1_w256_lr0.001_bs10000_nall_e1000,1,256,0.001,10000,,1000,4,NVIDIA GeForce RTX 5070 Ti,989,7.103496023910955,2.87192111229524,,,
dropout_capacity_d0.1_h1_w64_lr0.001_bs10000_nall_e1000_seed0,dropout_capacity,dropout_capacity_d0.1_h1_w64_lr0.001_bs10000_nall_e1000,1,64,0.001,10000,,1000,0,NVIDIA GeForce RTX 5070 Ti,996,11.769789891988832,3.426262825494632,,,
dropout_capacity_d0.1_h1_w64_lr0.001_bs10000_nall_e1000_seed1,dropout_capacity,dropout_capacity_d0.1_h1_w64_lr0.001_bs10000_nall_e1000,1,64,0.001,10000,,1000,1,NVIDIA GeForce RTX 5070 Ti,998,11.833859140955191,3.031450705137104,,,
dropout_capacity_d0.1_h1_w64_lr0.001_bs10000_nall_e1000_seed2,dropout_capacity,dropout_capacity_d0.1_h1_w64_lr0.001_bs10000_nall_e1000,1,64,0.001,10000,,1000,2,NVIDIA GeForce RTX 5070 Ti,972,11.700293408488804,2.8341035176999867,,,
dropout_capacity_d0.1_h1_w64_lr0.001_bs10000_nall_e1000_seed3,dropout_capacity,dropout_capacity_d0.1_h1_w64_lr0.001_bs10000_nall_e1000,1,64,0.001,10000,,1000,3,NVIDIA GeForce RTX 5070 Ti,999,11.353586687213099,2.8057263020891696,,,
dropout_capacity_d0.1_h1_w64_lr0.001_bs10000_nall_e1000_seed4,dropout_capacity,dropout_capacity_d0.1_h1_w64_lr0.001_bs10000_nall_e1000,1,64,0.001,10000,,1000,4,NVIDIA GeForce RTX 5070 Ti,935,11.590296639702068,3.376243269070983,,,
dropout_capacity_d0.1_h2_w128_lr0.001_bs10000_nall_e1000_seed0,dropout_capacity,dropout_capacity_d0.1_h2_w128_lr0.001_bs10000_nall_e1000,2,128,0.001,10000,,1000,0,NVIDIA GeForce RTX 5070 Ti,177,5.839487734758463,3.3918468724004924,,,
dropout_capacity_d0.1_h2_w128_lr0.001_bs10000_nall_e1000_seed1,dropout_capacity,dropout_capacity_d0.1_h2_w128_lr0.001_bs10000_nall_e1000,2,128,0.001,10000,,1000,1,NVIDIA GeForce RTX 5070 Ti,169,5.706823701629007,3.970765580656007,,,
dropout_capacity_d0.1_h2_w128_lr0.001_bs10000_nall_e1000_seed2,dropout_capacity,dropout_capacity_d0.1_h2_w128_lr0.001_bs10000_nall_e1000,2,128,0.001,10000,,1000,2,NVIDIA GeForce RTX 5070 Ti,146,6.041590863333275,3.4242382561787963,,,
dropout_capacity_d0.1_h2_w128_lr0.001_bs10000_nall_e1000_seed3,dropout_capacity,dropout_capacity_d0.1_h2_w128_lr0.001_bs10000_nall_e1000,2,128,0.001,10000,,1000,3,NVIDIA GeForce RTX 5070 Ti,191,5.939506432677581,3.3849672409705818,,,
dropout_capacity_d0.1_h2_w128_lr0.001_bs10000_nall_e1000_seed4,dropout_capacity,dropout_capacity_d0.1_h2_w128_lr0.001_bs10000_nall_e1000,2,128,0.001,10000,,1000,4,NVIDIA GeForce RTX 5070 Ti,144,6.011279629836391,3.398477273294702,,,
dropout_capacity_d0.1_h2_w256_lr0.001_bs10000_nall_e1000_seed0,dropout_capacity,dropout_capacity_d0.1_h2_w256_lr0.001_bs10000_nall_e1000,2,256,0.001,10000,,1000,0,NVIDIA GeForce RTX 5070 Ti,162,4.301157533848469,4.43435274460353,,,
dropout_capacity_d0.1_h2_w256_lr0.001_bs10000_nall_e1000_seed1,dropout_capacity,dropout_capacity_d0.1_h2_w256_lr0.001_bs10000_nall_e1000,2,256,0.001,10000,,1000,1,NVIDIA GeForce RTX 5070 Ti,163,4.091354717682558,4.455108729423955,,,
dropout_capacity_d0.1_h2_w256_lr0.001_bs10000_nall_e1000_seed2,dropout_capacity,dropout_capacity_d0.1_h2_w256_lr0.001_bs10000_nall_e1000,2,256,0.001,10000,,1000,2,NVIDIA GeForce RTX 5070 Ti,182,4.0615129885730585,5.470476933056489,,,
dropout_capacity_d0.1_h2_w256_lr0.001_bs10000_nall_e1000_seed3,dropout_capacity,dropout_capacity_d0.1_h2_w256_lr0.001_bs10000_nall_e1000,2,256,0.001,10000,,1000,3,NVIDIA GeForce RTX 5070 Ti,177,4.004768628546283,4.449985314160585,,,
dropout_capacity_d0.1_h2_w256_lr0.001_bs10000_nall_e1000_seed4,dropout_capacity,dropout_capacity_d0.1_h2_w256_lr0.001_bs10000_nall_e1000,2,256,0.001,10000,,1000,4,NVIDIA GeForce RTX 5070 Ti,165,4.080664067174113,4.644809974124655,,,
dropout_capacity_d0.1_h2_w64_lr0.001_bs10000_nall_e1000_seed0,dropout_capacity,dropout_capacity_d0.1_h2_w64_lr0.001_bs10000_nall_e1000,2,64,0.001,10000,,1000,0,NVIDIA GeForce RTX 5070 Ti,978,8.176073327021237,3.7498374064452946,,,
dropout_capacity_d0.1_h2_w64_lr0.001_bs10000_nall_e1000_seed1,dropout_capacity,dropout_capacity_d0.1_h2_w64_lr0.001_bs10000_nall_e1000,2,64,0.001,10000,,1000,1,NVIDIA GeForce RTX 5070 Ti,193,8.16625222951595,3.4396743490360677,,,
dropout_capacity_d0.1_h2_w64_lr0.001_bs10000_nall_e1000_seed2,dropout_capacity,dropout_capacity_d0.1_h2_w64_lr0.001_bs10000_nall_e1000,2,64,0.001,10000,,1000,2,NVIDIA GeForce RTX 5070 Ti,946,8.164261080868375,3.3959835758432746,,,
dropout_capacity_d0.1_h2_w64_lr0.001_bs10000_nall_e1000_seed3,dropout_capacity,dropout_capacity_d0.1_h2_w64_lr0.001_bs10000_nall_e1000,2,64,0.001,10000,,1000,3,NVIDIA GeForce RTX 5070 Ti,824,8.507464104867294,3.384878814453259,,,
dropout_capacity_d0.1_h2_w64_lr0.001_bs10000_nall_e1000_seed4,dropout_capacity,dropout_capacity_d0.1_h2_w64_lr0.001_bs10000_nall_e1000,2,64,0.001,10000,,1000,4,NVIDIA GeForce RTX 5070 Ti,775,8.309782344019636,3.815368873300031,,,
dropout_capacity_d0.1_h3_w128_lr0.001_bs10000_nall_e1000_seed0,dropout_capacity,dropout_capacity_d0.1_h3_w128_lr0.001_bs10000_nall_e1000,3,128,0.001,10000,,1000,0,NVIDIA GeForce RTX 5070 Ti,46,7.8458713535299935,4.067680612904951,,,
dropout_capacity_d0.1_h3_w128_lr0.001_bs10000_nall_e1000_seed1,dropout_capacity,dropout_capacity_d0.1_h3_w128_lr0.001_bs10000_nall_e1000,3,128,0.001,10000,,1000,1,NVIDIA GeForce RTX 5070 Ti,53,7.9368136852649736,4.158201151527464,,,
dropout_capacity_d0.1_h3_w128_lr0.001_bs10000_nall_e1000_seed2,dropout_capacity,dropout_capacity_d0.1_h3_w128_lr0.001_bs10000_nall_e1000,3,128,0.001,10000,,1000,2,NVIDIA GeForce RTX 5070 Ti,53,7.87890842874598,4.528513518627733,,,
dropout_capacity_d0.1_h3_w128_lr0.001_bs10000_nall_e1000_seed3,dropout_capacity,dropout_capacity_d0.1_h3_w128_lr0.001_bs10000_nall_e1000,3,128,0.001,10000,,1000,3,NVIDIA GeForce RTX 5070 Ti,45,7.990228407248444,4.1874405993148685,,,
dropout_capacity_d0.1_h3_w128_lr0.001_bs10000_nall_e1000_seed4,dropout_capacity,dropout_capacity_d0.1_h3_w128_lr0.001_bs10000_nall_e1000,3,128,0.001,10000,,1000,4,NVIDIA GeForce RTX 5070 Ti,49,7.76276724289309,4.240533394971862,,,
dropout_capacity_d0.1_h3_w256_lr0.001_bs10000_nall_e1000_seed0,dropout_capacity,dropout_capacity_d0.1_h3_w256_lr0.001_bs10000_nall_e1000,3,256,0.001,10000,,1000,0,NVIDIA GeForce RTX 5070 Ti,63,5.851084629811369,6.9864739526528865,,,
dropout_capacity_d0.1_h3_w256_lr0.001_bs10000_nall_e1000_seed1,dropout_capacity,dropout_capacity_d0.1_h3_w256_lr0.001_bs10000_nall_e1000,3,256,0.001,10000,,1000,1,NVIDIA GeForce RTX 5070 Ti,52,5.399552623442538,6.715256095398217,,,
dropout_capacity_d0.1_h3_w256_lr0.001_bs10000_nall_e1000_seed2,dropout_capacity,dropout_capacity_d0.1_h3_w256_lr0.001_bs10000_nall_e1000,3,256,0.001,10000,,1000,2,NVIDIA GeForce RTX 5070 Ti,44,5.878103207715618,6.706320222001523,,,
dropout_capacity_d0.1_h3_w256_lr0.001_bs10000_nall_e1000_seed3,dropout_capacity,dropout_capacity_d0.1_h3_w256_lr0.001_bs10000_nall_e1000,3,256,0.001,10000,,1000,3,NVIDIA GeForce RTX 5070 Ti,51,5.335924810391664,6.722370302770287,,,
dropout_capacity_d0.1_h3_w256_lr0.001_bs10000_nall_e1000_seed4,dropout_capacity,dropout_capacity_d0.1_h3_w256_lr0.001_bs10000_nall_e1000,3,256,0.001,10000,,1000,4,NVIDIA GeForce RTX 5070 Ti,61,5.912017750983115,6.783861818723381,,,
dropout_capacity_d0.1_h3_w64_lr0.001_bs10000_nall_e1000_seed0,dropout_capacity,dropout_capacity_d0.1_h3_w64_lr0.001_bs10000_nall_e1000,3,64,0.001,10000,,1000,0,NVIDIA GeForce RTX 5070 Ti,55,9.956112112466196,4.031778803328052,,,
dropout_capacity_d0.1_h3_w64_lr0.001_bs10000_nall_e1000_seed1,dropout_capacity,dropout_capacity_d0.1_h3_w64_lr0.001_bs10000_nall_e1000,3,64,0.001,10000,,1000,1,NVIDIA GeForce RTX 5070 Ti,49,10.588992870879235,4.048859166679904,,,
dropout_capacity_d0.1_h3_w64_lr0.001_bs10000_nall_e1000_seed2,dropout_capacity,dropout_capacity_d0.1_h3_w64_lr0.001_bs10000_nall_e1000,3,64,0.001,10000,,1000,2,NVIDIA GeForce RTX 5070 Ti,59,10.825535672437407,4.559137500124052,,,
dropout_capacity_d0.1_h3_w64_lr0.001_bs10000_nall_e1000_seed3,dropout_capacity,dropout_capacity_d0.1_h3_w64_lr0.001_bs10000_nall_e1000,3,64,0.001,10000,,1000,3,NVIDIA GeForce RTX 5070 Ti,50,10.523000321514846,3.961002890719101,,,
dropout_capacity_d0.1_h3_w64_lr0.001_bs10000_nall_e1000_seed4,dropout_capacity,dropout_capacity_d0.1_h3_w64_lr0.001_bs10000_nall_e1000,3,64,0.001,10000,,1000,4,NVIDIA GeForce RTX 5070 Ti,62,9.910703602592376,3.9685876755975187,,,
dropout_standard_d0.1_h3_w256_lr0.001_bs10000_nall_e1000_seed0,dropout_standard,dropout_standard_d0.1_h3_w256_lr0.001_bs10000_nall_e1000,3,256,0.001,10000,,1000,0,NVIDIA GeForce RTX 5070 Ti,63,5.851084629811369,15.212928672553971,,,
dropout_standard_d0.1_h3_w256_lr0.001_bs10000_nall_e1000_seed1,dropout_standard,dropout_standard_d0.1_h3_w256_lr0.001_bs10000_nall_e1000,3,256,0.001,10000,,1000,1,NVIDIA GeForce RTX 5070 Ti,52,5.399552623442538,6.702759120380506,,,
dropout_standard_d0.1_h3_w256_lr0.001_bs10000_nall_e1000_seed2,dropout_standard,dropout_standard_d0.1_h3_w256_lr0.001_bs10000_nall_e1000,3,256,0.001,10000,,1000,2,NVIDIA GeForce RTX 5070 Ti,44,5.878103207715618,7.067581902490929,,,
dropout_standard_d0.1_h3_w256_lr0.001_bs10000_nall_e1000_seed3,dropout_standard,dropout_standard_d0.1_h3_w256_lr0.001_bs10000_nall_e1000,3,256,0.001,10000,,1000,3,NVIDIA GeForce RTX 5070 Ti,51,5.335924810391664,6.82779133412987,,,
dropout_standard_d0.1_h3_w256_lr0.001_bs10000_nall_e1000_seed4,dropout_standard,dropout_standard_d0.1_h3_w256_lr0.001_bs10000_nall_e1000,3,256,0.001,10000,,1000,4,NVIDIA GeForce RTX 5070 Ti,61,5.912017750983115,6.711656969273463,,,
h1_w128_lr0.001_bs10000_nall_seed0,gpu_sweep,h1_w128_lr0.001_bs10000_nall,1,128,0.001,10000,,1000,0,NVIDIA GeForce RTX 5070 Ti,999,6.338209316428985,2.6280711572617292,,,
h1_w128_lr0.001_bs10000_nall_seed1,gpu_sweep,h1_w128_lr0.001_bs10000_nall,1,128,0.001,10000,,1000,1,NVIDIA GeForce RTX 5070 Ti,990,6.36668601840342,2.6391739323735237,,,
h1_w128_lr0.001_bs10000_nall_seed2,gpu_sweep,h1_w128_lr0.001_bs10000_nall,1,128,0.001,10000,,1000,2,NVIDIA GeForce RTX 5070 Ti,990,6.3769967934951985,2.630099709611386,,,
h1_w128_lr0.001_bs10000_nall_seed3,gpu_sweep,h1_w128_lr0.001_bs10000_nall,1,128,0.001,10000,,1000,3,NVIDIA GeForce RTX 5070 Ti,997,6.6776846755243255,2.645563980564475,,,
h1_w128_lr0.001_bs10000_nall_seed4,gpu_sweep,h1_w128_lr0.001_bs10000_nall,1,128,0.001,10000,,1000,4,NVIDIA GeForce RTX 5070 Ti,988,6.218769015949255,3.282145326025784,,,
h1_w256_lr0.001_bs10000_nall_seed0,gpu_sweep,h1_w256_lr0.001_bs10000_nall,1,256,0.001,10000,,1000,0,NVIDIA GeForce RTX 5070 Ti,994,4.989835325287432,2.9798065763898194,,,
h1_w256_lr0.001_bs10000_nall_seed1,gpu_sweep,h1_w256_lr0.001_bs10000_nall,1,256,0.001,10000,,1000,1,NVIDIA GeForce RTX 5070 Ti,984,5.0214074572945036,2.610299483407289,,,
h1_w256_lr0.001_bs10000_nall_seed2,gpu_sweep,h1_w256_lr0.001_bs10000_nall,1,256,0.001,10000,,1000,2,NVIDIA GeForce RTX 5070 Ti,987,5.133386960100408,3.1968854782171547,,,
h1_w256_lr0.001_bs10000_nall_seed3,gpu_sweep,h1_w256_lr0.001_bs10000_nall,1,256,0.001,10000,,1000,3,NVIDIA GeForce RTX 5070 Ti,992,5.087815273554308,2.737841919064522,,,
h1_w256_lr0.001_bs10000_nall_seed4,gpu_sweep,h1_w256_lr0.001_bs10000_nall,1,256,0.001,10000,,1000,4,NVIDIA GeForce RTX 5070 Ti,997,5.132619264817733,2.996499538887292,,,
h1_w32_lr0.001_bs10000_nall_seed0,gpu_sweep,h1_w32_lr0.001_bs10000_nall,1,32,0.001,10000,,1000,0,NVIDIA GeForce RTX 5070 Ti,1000,10.744214652478568,2.8476500967517495,,,
h1_w32_lr0.001_bs10000_nall_seed1,gpu_sweep,h1_w32_lr0.001_bs10000_nall,1,32,0.001,10000,,1000,1,NVIDIA GeForce RTX 5070 Ti,997,10.901200576598454,2.6501542045734823,,,
h1_w32_lr0.001_bs10000_nall_seed2,gpu_sweep,h1_w32_lr0.001_bs10000_nall,1,32,0.001,10000,,1000,2,NVIDIA GeForce RTX 5070 Ti,925,10.879421343842488,2.628242307342589,,,
h1_w32_lr0.001_bs10000_nall_seed3,gpu_sweep,h1_w32_lr0.001_bs10000_nall,1,32,0.001,10000,,1000,3,NVIDIA GeForce RTX 5070 Ti,972,11.23964740403763,2.9191975528374314,,,
h1_w32_lr0.001_bs10000_nall_seed4,gpu_sweep,h1_w32_lr0.001_bs10000_nall,1,32,0.001,10000,,1000,4,NVIDIA GeForce RTX 5070 Ti,988,10.915577569657009,2.6315520154312253,,,
h1_w64_lr0.001_bs10000_nall_seed0,gpu_sweep,h1_w64_lr0.001_bs10000_nall,1,64,0.001,10000,,1000,0,NVIDIA GeForce RTX 5070 Ti,999,8.319662808407891,3.0654130266048014,,,
h1_w64_lr0.001_bs10000_nall_seed1,gpu_sweep,h1_w64_lr0.001_bs10000_nall,1,64,0.001,10000,,1000,1,NVIDIA GeForce RTX 5070 Ti,1000,8.410862901396845,2.821089045610279,,,
h1_w64_lr0.001_bs10000_nall_seed2,gpu_sweep,h1_w64_lr0.001_bs10000_nall,1,64,0.001,10000,,1000,2,NVIDIA GeForce RTX 5070 Ti,993,8.453675088241717,2.6510062124580145,,,
h1_w64_lr0.001_bs10000_nall_seed3,gpu_sweep,h1_w64_lr0.001_bs10000_nall,1,64,0.001,10000,,1000,3,NVIDIA GeForce RTX 5070 Ti,999,8.230431207644562,2.6424902169965208,,,
h1_w64_lr0.001_bs10000_nall_seed4,gpu_sweep,h1_w64_lr0.001_bs10000_nall,1,64,0.001,10000,,1000,4,NVIDIA GeForce RTX 5070 Ti,983,8.278955681590183,3.379905133508146,,,
h2_w128_lr0.001_bs10000_nall_seed0,gpu_sweep,h2_w128_lr0.001_bs10000_nall,2,128,0.001,10000,,1000,0,NVIDIA GeForce RTX 5070 Ti,995,3.0938472539855053,3.265618234872818,,,
h2_w128_lr0.001_bs10000_nall_seed1,gpu_sweep,h2_w128_lr0.001_bs10000_nall,2,128,0.001,10000,,1000,1,NVIDIA GeForce RTX 5070 Ti,985,3.1446499819878695,3.0965950745157897,,,
h2_w128_lr0.001_bs10000_nall_seed2,gpu_sweep,h2_w128_lr0.001_bs10000_nall,2,128,0.001,10000,,1000,2,NVIDIA GeForce RTX 5070 Ti,984,3.116491560343284,3.110106185544282,,,
h2_w128_lr0.001_bs10000_nall_seed3,gpu_sweep,h2_w128_lr0.001_bs10000_nall,2,128,0.001,10000,,1000,3,NVIDIA GeForce RTX 5070 Ti,999,3.1577359469127253,3.4594408902339637,,,
h2_w128_lr0.001_bs10000_nall_seed4,gpu_sweep,h2_w128_lr0.001_bs10000_nall,2,128,0.001,10000,,1000,4,NVIDIA GeForce RTX 5070 Ti,1000,3.037056307313703,3.08839049981907,,,
h2_w256_lr0.001_bs10000_nall_seed0,gpu_sweep,h2_w256_lr0.001_bs10000_nall,2,256,0.001,10000,,1000,0,NVIDIA GeForce RTX 5070 Ti,999,2.608082068368996,3.7735655289143324,,,
h2_w256_lr0.001_bs10000_nall_seed1,gpu_sweep,h2_w256_lr0.001_bs10000_nall,2,256,0.001,10000,,1000,1,NVIDIA GeForce RTX 5070 Ti,989,2.5727993607646,3.7720989040099084,,,
h2_w256_lr0.001_bs10000_nall_seed2,gpu_sweep,h2_w256_lr0.001_bs10000_nall,2,256,0.001,10000,,1000,2,NVIDIA GeForce RTX 5070 Ti,996,2.6555901998213516,3.76008175406605,,,
h2_w256_lr0.001_bs10000_nall_seed3,gpu_sweep,h2_w256_lr0.001_bs10000_nall,2,256,0.001,10000,,1000,3,NVIDIA GeForce RTX 5070 Ti,995,2.6203524000192924,3.801387889776379,,,
h2_w256_lr0.001_bs10000_nall_seed4,gpu_sweep,h2_w256_lr0.001_bs10000_nall,2,256,0.001,10000,,1000,4,NVIDIA GeForce RTX 5070 Ti,991,2.653851492077956,3.7979673272930086,,,
h2_w32_lr0.001_bs10000_nall_seed0,gpu_sweep,h2_w32_lr0.001_bs10000_nall,2,32,0.001,10000,,1000,0,NVIDIA GeForce RTX 5070 Ti,996,5.602778304139991,3.1077438588254154,,,
h2_w32_lr0.001_bs10000_nall_seed1,gpu_sweep,h2_w32_lr0.001_bs10000_nall,2,32,0.001,10000,,1000,1,NVIDIA GeForce RTX 5070 Ti,1000,5.49693941444013,3.5025650719180703,,,
h2_w32_lr0.001_bs10000_nall_seed2,gpu_sweep,h2_w32_lr0.001_bs10000_nall,2,32,0.001,10000,,1000,2,NVIDIA GeForce RTX 5070 Ti,997,5.526776244883697,3.6798653989098966,,,
h2_w32_lr0.001_bs10000_nall_seed3,gpu_sweep,h2_w32_lr0.001_bs10000_nall,2,32,0.001,10000,,1000,3,NVIDIA GeForce RTX 5070 Ti,995,5.813727792661776,3.1174987694248557,,,
h2_w32_lr0.001_bs10000_nall_seed4,gpu_sweep,h2_w32_lr0.001_bs10000_nall,2,32,0.001,10000,,1000,4,NVIDIA GeForce RTX 5070 Ti,994,6.1427020183252825,3.1182835842482746,,,
h2_w64_lr0.001_bs10000_nall_seed0,gpu_sweep,h2_w64_lr0.001_bs10000_nall,2,64,0.001,10000,,1000,0,NVIDIA GeForce RTX 5070 Ti,988,3.8588874292692785,3.1465942449867725,,,
h2_w64_lr0.001_bs10000_nall_seed1,gpu_sweep,h2_w64_lr0.001_bs10000_nall,2,64,0.001,10000,,1000,1,NVIDIA GeForce RTX 5070 Ti,989,4.156616194805333,3.2017927835695446,,,
h2_w64_lr0.001_bs10000_nall_seed2,gpu_sweep,h2_w64_lr0.001_bs10000_nall,2,64,0.001,10000,,1000,2,NVIDIA GeForce RTX 5070 Ti,994,4.019301338404644,3.5498414039611816,,,
h2_w64_lr0.001_bs10000_nall_seed3,gpu_sweep,h2_w64_lr0.001_bs10000_nall,2,64,0.001,10000,,1000,3,NVIDIA GeForce RTX 5070 Ti,997,3.976277219360783,3.1063409722410142,,,
h2_w64_lr0.001_bs10000_nall_seed4,gpu_sweep,h2_w64_lr0.001_bs10000_nall,2,64,0.001,10000,,1000,4,NVIDIA GeForce RTX 5070 Ti,998,4.12696583462016,3.108454613480717,,,
h3_w128_lr0.001_bs10000_nall_seed0,gpu_sweep,h3_w128_lr0.001_bs10000_nall,3,128,0.001,10000,,1000,0,NVIDIA GeForce RTX 5070 Ti,955,2.661720476970107,3.781780615914613,,,
h3_w128_lr0.001_bs10000_nall_seed1,gpu_sweep,h3_w128_lr0.001_bs10000_nall,3,128,0.001,10000,,1000,1,NVIDIA GeForce RTX 5070 Ti,996,2.6216050855902155,3.558559337630868,,,
h3_w128_lr0.001_bs10000_nall_seed2,gpu_sweep,h3_w128_lr0.001_bs10000_nall,3,128,0.001,10000,,1000,2,NVIDIA GeForce RTX 5070 Ti,996,2.552651436822144,3.674220623448491,,,
h3_w128_lr0.001_bs10000_nall_seed3,gpu_sweep,h3_w128_lr0.001_bs10000_nall,3,128,0.001,10000,,1000,3,NVIDIA GeForce RTX 5070 Ti,994,2.7173689041873006,3.776321580633521,,,
h3_w128_lr0.001_bs10000_nall_seed4,gpu_sweep,h3_w128_lr0.001_bs10000_nall,3,128,0.001,10000,,1000,4,NVIDIA GeForce RTX 5070 Ti,993,2.627486912833595,3.58709966391325,,,
h3_w256_lr0.001_bs10000_nall_seed0,gpu_sweep,h3_w256_lr0.001_bs10000_nall,3,256,0.001,10000,,1000,0,NVIDIA GeForce RTX 5070 Ti,999,2.217276930399986,5.883256318978965,,4.931080341339111,2.220603598425237
h3_w256_lr0.001_bs10000_nall_seed1,gpu_sweep,h3_w256_lr0.001_bs10000_nall,3,256,0.001,10000,,1000,1,NVIDIA GeForce RTX 5070 Ti,987,2.23055297906309,5.847672018688172,,5.032731056213379,2.2433749254668465
h3_w256_lr0.001_bs10000_nall_seed2,gpu_sweep,h3_w256_lr0.001_bs10000_nall,3,256,0.001,10000,,1000,2,NVIDIA GeForce RTX 5070 Ti,981,2.2134529604621624,5.882118997629732,,4.970361709594727,2.229430803948561
h3_w256_lr0.001_bs10000_nall_seed3,gpu_sweep,h3_w256_lr0.001_bs10000_nall,3,256,0.001,10000,,1000,3,NVIDIA GeForce RTX 5070 Ti,982,2.2079802776713593,5.949072472751141,,4.7196550369262695,2.1724767057269614
h3_w256_lr0.001_bs10000_nall_seed4,gpu_sweep,h3_w256_lr0.001_bs10000_nall,3,256,0.001,10000,,1000,4,NVIDIA GeForce RTX 5070 Ti,983,2.2391024642540294,5.899088089354336,,5.0584869384765625,2.2491080317487113
h3_w32_lr0.001_bs10000_nall_seed0,gpu_sweep,h3_w32_lr0.001_bs10000_nall,3,32,0.001,10000,,1000,0,NVIDIA GeForce RTX 5070 Ti,992,4.741284053407648,3.568475623615086,,,
h3_w32_lr0.001_bs10000_nall_seed1,gpu_sweep,h3_w32_lr0.001_bs10000_nall,3,32,0.001,10000,,1000,1,NVIDIA GeForce RTX 5070 Ti,994,4.804536249524823,3.58861796092242,,,
h3_w32_lr0.001_bs10000_nall_seed2,gpu_sweep,h3_w32_lr0.001_bs10000_nall,3,32,0.001,10000,,1000,2,NVIDIA GeForce RTX 5070 Ti,997,4.871025813041179,3.723733744584024,,,
h3_w32_lr0.001_bs10000_nall_seed3,gpu_sweep,h3_w32_lr0.001_bs10000_nall,3,32,0.001,10000,,1000,3,NVIDIA GeForce RTX 5070 Ti,993,4.52907599551707,4.055353462230414,,,
h3_w32_lr0.001_bs10000_nall_seed4,gpu_sweep,h3_w32_lr0.001_bs10000_nall,3,32,0.001,10000,,1000,4,NVIDIA GeForce RTX 5070 Ti,997,4.912480571213369,3.8185479347594082,,,
h3_w64_lr0.001_bs10000_nall_seed0,gpu_sweep,h3_w64_lr0.001_bs10000_nall,3,64,0.001,10000,,1000,0,NVIDIA GeForce RTX 5070 Ti,995,3.4140935062772506,3.7398010632023215,,,
h3_w64_lr0.001_bs10000_nall_seed1,gpu_sweep,h3_w64_lr0.001_bs10000_nall,3,64,0.001,10000,,1000,1,NVIDIA GeForce RTX 5070 Ti,1000,3.435186682768666,3.7000343771651387,,,
h3_w64_lr0.001_bs10000_nall_seed2,gpu_sweep,h3_w64_lr0.001_bs10000_nall,3,64,0.001,10000,,1000,2,NVIDIA GeForce RTX 5070 Ti,996,3.429133967957892,3.6239690775983036,,,
h3_w64_lr0.001_bs10000_nall_seed3,gpu_sweep,h3_w64_lr0.001_bs10000_nall,3,64,0.001,10000,,1000,3,NVIDIA GeForce RTX 5070 Ti,998,3.4488138066991683,3.7305838903412223,,,
h3_w64_lr0.001_bs10000_nall_seed4,gpu_sweep,h3_w64_lr0.001_bs10000_nall,3,64,0.001,10000,,1000,4,NVIDIA GeForce RTX 5070 Ti,993,3.458793992457947,3.8260843520984054,,,
